,Date,Open,High,Low,Close,Adj Close,Volume
1,14/8/2020,0.086577,0.086577,0.059597,0.065645,0.065645,118988161
2,15/8/2020,0.066077,0.069509,0.048985,0.050964,0.050964,36213441
3,16/8/2020,0.051438,0.069508,0.048064,0.060847,0.060847,33023213
4,17/8/2020,0.060847,0.065073,0.052525,0.053999,0.053999,11686493
5,18/8/2020,0.053784,0.06099,0.050675,0.0517,0.0517,7401293
6,19/8/2020,0.05169,0.05715,0.048098,0.052095,0.052095,7375433
7,20/8/2020,0.052095,0.057325,0.0508,0.053648,0.053648,7332475
8,21/8/2020,0.053644,0.053738,0.044235,0.044235,0.044235,5121097
9,22/8/2020,0.044395,0.049011,0.040692,0.046011,0.046011,4347394
10,23/8/2020,0.04599,0.048237,0.041965,0.044007,0.044007,3114426
11,24/8/2020,0.043902,0.053543,0.042178,0.051299,0.051299,7868186
12,25/8/2020,0.050895,0.056846,0.045769,0.04808,0.04808,5842509
13,26/8/2020,0.04808,0.058794,0.047125,0.058101,0.058101,8339238
14,27/8/2020,0.058322,0.075067,0.054466,0.073708,0.073708,34658386
15,28/8/2020,0.074216,0.082307,0.069223,0.069642,0.069642,25598530
16,29/8/2020,0.069658,0.07443,0.065899,0.072509,0.072509,11274342
17,30/8/2020,0.072883,0.073944,0.064741,0.066642,0.066642,9422027
18,31/8/2020,0.066913,0.078124,0.066913,0.070184,0.070184,13825613
19,1/9/2020,0.070168,0.070872,0.059587,0.059901,0.059901,14081069
20,2/9/2020,0.059742,0.060859,0.051136,0.059072,0.059072,10893388
21,3/9/2020,0.058932,0.059548,0.043842,0.044335,0.044335,5884472
22,4/9/2020,0.043963,0.04749,0.038952,0.045431,0.045431,5619298
23,5/9/2020,0.045298,0.047044,0.035231,0.037567,0.037567,4072606
24,6/9/2020,0.037562,0.042555,0.033405,0.040924,0.040924,4407990
25,7/9/2020,0.040926,0.041152,0.033636,0.037924,0.037924,2943076
26,8/9/2020,0.03858,0.058386,0.036971,0.04985,0.04985,23080884
27,9/9/2020,0.049886,0.056676,0.046424,0.048329,0.048329,16462247
28,10/9/2020,0.048329,0.053503,0.047253,0.049563,0.049563,8172980
29,11/9/2020,0.049552,0.054506,0.046386,0.051795,0.051795,8374072
30,12/9/2020,0.05178,0.05178,0.047686,0.049343,0.049343,3413061
31,13/9/2020,0.049377,0.049874,0.041749,0.043616,0.043616,5931320
32,14/9/2020,0.043518,0.047696,0.041374,0.046404,0.046404,6695832
33,15/9/2020,0.046404,0.050852,0.042186,0.042232,0.042232,8213086
34,16/9/2020,0.042322,0.050256,0.040562,0.044312,0.044312,6473697
35,17/9/2020,0.044342,0.046461,0.042495,0.043874,0.043874,3595836
36,18/9/2020,0.04389,0.04704,0.043024,0.043945,0.043945,4563156
37,19/9/2020,0.043951,0.048655,0.042631,0.047067,0.047067,5332779
38,20/9/2020,0.047102,0.047966,0.042441,0.043057,0.043057,3428977
39,21/9/2020,0.043057,0.044724,0.036755,0.038494,0.038494,4823375
40,22/9/2020,0.038487,0.044682,0.036447,0.044079,0.044079,5551600
41,23/9/2020,0.044002,0.049128,0.041464,0.042677,0.042677,21916994
42,24/9/2020,0.042753,0.050945,0.042518,0.047779,0.047779,24690400
43,25/9/2020,0.047856,0.049757,0.045743,0.048685,0.048685,18271594
44,26/9/2020,0.048697,0.048959,0.045662,0.046537,0.046537,6806559
45,27/9/2020,0.046547,0.046555,0.041347,0.042921,0.042921,13927961
46,28/9/2020,0.043036,0.044967,0.041617,0.041778,0.041778,10986207
47,29/9/2020,0.041771,0.043515,0.041436,0.043318,0.043318,6167681
48,30/9/2020,0.0435,0.047894,0.042236,0.046005,0.046005,12606091
49,1/10/2020,0.045988,0.04674,0.041555,0.042374,0.042374,7339954
50,2/10/2020,0.042417,0.043305,0.039609,0.040895,0.040895,7697316
51,3/10/2020,0.040896,0.047206,0.040845,0.045338,0.045338,8605313
52,4/10/2020,0.045326,0.048792,0.042487,0.048284,0.048284,9857103
53,5/10/2020,0.04858,0.054367,0.047267,0.050576,0.050576,17201919
54,6/10/2020,0.050569,0.050802,0.045971,0.046575,0.046575,9195468
55,7/10/2020,0.046469,0.046692,0.042574,0.045167,0.045167,4512741
56,8/10/2020,0.045273,0.047716,0.043214,0.047313,0.047313,4111576
57,9/10/2020,0.047449,0.05034,0.045926,0.049771,0.049771,5442272
58,10/10/2020,0.049707,0.051443,0.045497,0.045815,0.045815,8302501
59,11/10/2020,0.045806,0.049629,0.045449,0.048886,0.048886,6287463
60,12/10/2020,0.048891,0.050484,0.046535,0.047589,0.047589,9049431
61,13/10/2020,0.047421,0.049109,0.045674,0.046522,0.046522,7175418
62,14/10/2020,0.046483,0.046989,0.045195,0.045895,0.045895,4333146
63,15/10/2020,0.045956,0.046236,0.044238,0.045027,0.045027,3469517
64,16/10/2020,0.045025,0.045025,0.041341,0.043696,0.043696,6499827
65,17/10/2020,0.043658,0.044268,0.042696,0.043208,0.043208,3089599
66,18/10/2020,0.043165,0.043543,0.042252,0.042645,0.042645,3675828
67,19/10/2020,0.042604,0.04383,0.040829,0.040994,0.040994,9861501
68,20/10/2020,0.040941,0.041681,0.038096,0.038895,0.038895,6422777
69,21/10/2020,0.038893,0.039606,0.036754,0.038455,0.038455,7487464
70,22/10/2020,0.038412,0.04161,0.038412,0.039961,0.039961,5926491
71,23/10/2020,0.039961,0.043009,0.038845,0.039959,0.039959,7686300
72,24/10/2020,0.039959,0.041938,0.039894,0.040833,0.040833,7253140
73,25/10/2020,0.040833,0.040921,0.038516,0.039442,0.039442,4518620
74,26/10/2020,0.039442,0.041466,0.037523,0.037895,0.037895,5312738
75,27/10/2020,0.037895,0.039003,0.037641,0.037831,0.037831,3301717
76,28/10/2020,0.037831,0.037832,0.034329,0.035247,0.035247,5711808
77,29/10/2020,0.035247,0.039218,0.033197,0.037498,0.037498,5808845
78,30/10/2020,0.037499,0.038551,0.034212,0.035719,0.035719,6489159
79,31/10/2020,0.035719,0.036645,0.035023,0.035589,0.035589,2617298
80,1/11/2020,0.035589,0.036143,0.034721,0.035589,0.035589,2634264
81,2/11/2020,0.035589,0.036171,0.03394,0.035337,0.035337,2991619
82,3/11/2020,0.035337,0.035337,0.030024,0.030821,0.030821,5485885
83,4/11/2020,0.03082,0.031825,0.028939,0.031753,0.031753,5062403
84,5/11/2020,0.031753,0.036538,0.031612,0.034044,0.034044,7300245
85,6/11/2020,0.034044,0.03821,0.033819,0.03753,0.03753,4042072
86,7/11/2020,0.03753,0.040854,0.034387,0.036445,0.036445,5673787
87,8/11/2020,0.036445,0.038559,0.035275,0.038004,0.038004,2845659
88,9/11/2020,0.038004,0.039527,0.036095,0.037879,0.037879,3595087
89,10/11/2020,0.037879,0.042377,0.037819,0.041449,0.041449,5296836
90,11/11/2020,0.041449,0.043917,0.040324,0.042676,0.042676,5591870
91,12/11/2020,0.042675,0.05558,0.038197,0.038758,0.038758,25502603
92,13/11/2020,0.038758,0.041584,0.038413,0.039113,0.039113,8806723
93,14/11/2020,0.039113,0.039774,0.037005,0.038277,0.038277,3938206
94,15/11/2020,0.038277,0.040614,0.037133,0.037607,0.037607,5817468
95,16/11/2020,0.037607,0.03916,0.037344,0.038626,0.038626,4673304
96,17/11/2020,0.038156,0.039029,0.036757,0.037142,0.037142,6001851
97,18/11/2020,0.037142,0.037529,0.033999,0.035816,0.035816,5642010
98,19/11/2020,0.035816,0.037195,0.03505,0.036061,0.036061,4918169
99,20/11/2020,0.03606,0.037644,0.035692,0.036399,0.036399,5103922
100,21/11/2020,0.036399,0.040171,0.036245,0.040093,0.040093,6259819
101,22/11/2020,0.040093,0.049401,0.035765,0.045003,0.045003,38156068
102,23/11/2020,0.045003,0.061355,0.041809,0.047364,0.047364,68649199
103,24/11/2020,0.047344,0.05,0.045172,0.045259,0.045259,25078016
104,25/11/2020,0.045234,0.052157,0.043363,0.045088,0.045088,20737308
105,26/11/2020,0.045098,0.046102,0.037173,0.041482,0.041482,14280887
106,27/11/2020,0.041484,0.045941,0.039096,0.045877,0.045877,8848799
107,28/11/2020,0.045911,0.046484,0.043071,0.044796,0.044796,11230193
108,29/11/2020,0.044797,0.045596,0.04322,0.045439,0.045439,6065088
109,30/11/2020,0.04544,0.049296,0.045033,0.048184,0.048184,10022900
110,1/12/2020,0.048186,0.048295,0.043451,0.045689,0.045689,7295802
111,2/12/2020,0.045678,0.048506,0.044,0.046855,0.046855,7346374
112,3/12/2020,0.046852,0.047516,0.045931,0.04668,0.04668,5036542
113,4/12/2020,0.046718,0.046797,0.04222,0.0423,0.0423,5229419
114,5/12/2020,0.042183,0.044157,0.041277,0.043585,0.043585,4583409
115,6/12/2020,0.04355,0.044897,0.042608,0.043237,0.043237,2894315
116,7/12/2020,0.043257,0.04682,0.042652,0.045378,0.045378,6147440
117,8/12/2020,0.045393,0.048952,0.043892,0.044349,0.044349,11274827
118,9/12/2020,0.044362,0.053936,0.040704,0.051875,0.051875,20516766
119,10/12/2020,0.052105,0.055884,0.04898,0.052335,0.052335,29366502
120,11/12/2020,0.052555,0.054027,0.045407,0.045407,0.045407,13502522
121,12/12/2020,0.045442,0.050109,0.045345,0.047641,0.047641,9268445
122,13/12/2020,0.047639,0.049375,0.046127,0.048234,0.048234,6147043
123,14/12/2020,0.048232,0.051855,0.047202,0.049767,0.049767,7410345
124,15/12/2020,0.049754,0.053346,0.048058,0.052305,0.052305,9935650
125,16/12/2020,0.052337,0.053539,0.04864,0.051746,0.051746,13221185
126,17/12/2020,0.051749,0.052337,0.048617,0.04894,0.04894,11058516
127,18/12/2020,0.048988,0.051753,0.048133,0.051244,0.051244,9097456
128,19/12/2020,0.051318,0.052721,0.049796,0.05139,0.05139,12698939
129,20/12/2020,0.051397,0.055698,0.04908,0.049705,0.049705,18345864
130,21/12/2020,0.049742,0.050941,0.045425,0.047611,0.047611,11071203
131,22/12/2020,0.047565,0.0486,0.042165,0.046387,0.046387,10724443
132,23/12/2020,0.046408,0.046579,0.036108,0.038061,0.038061,8383661
133,24/12/2020,0.038076,0.040265,0.036082,0.040189,0.040189,5047615
134,25/12/2020,0.040149,0.041786,0.038148,0.038911,0.038911,5000461
135,26/12/2020,0.038966,0.040232,0.037246,0.037995,0.037995,5458283
136,27/12/2020,0.038002,0.041656,0.035883,0.039308,0.039308,7349951
137,28/12/2020,0.039307,0.040875,0.038574,0.038988,0.038988,5676291
138,29/12/2020,0.038996,0.039738,0.035168,0.037236,0.037236,6896364
139,30/12/2020,0.037237,0.038231,0.035839,0.036105,0.036105,3758876
140,31/12/2020,0.036105,0.036331,0.034505,0.035653,0.035653,3364794
141,1/1/2021,0.035684,0.037918,0.035277,0.037023,0.037023,3923475
142,2/1/2021,0.037028,0.039309,0.036595,0.038141,0.038141,5491259
143,3/1/2021,0.038152,0.041426,0.037237,0.040956,0.040956,6793636
144,4/1/2021,0.041022,0.042418,0.036964,0.040494,0.040494,7083381
145,5/1/2021,0.040443,0.045012,0.039036,0.041762,0.041762,10831507
146,6/1/2021,0.041793,0.047608,0.041009,0.044753,0.044753,13596102
147,7/1/2021,0.044759,0.046199,0.042228,0.043326,0.043326,10414813
148,8/1/2021,0.043418,0.047013,0.040954,0.043545,0.043545,13302777
149,9/1/2021,0.043472,0.047181,0.042271,0.046051,0.046051,8255178
150,10/1/2021,0.046058,0.046641,0.041047,0.042611,0.042611,7576116
151,11/1/2021,0.042551,0.042551,0.034612,0.040682,0.040682,8207441
152,12/1/2021,0.040681,0.040819,0.036719,0.03773,0.03773,5026765
153,13/1/2021,0.037786,0.041198,0.036811,0.040642,0.040642,4997461
154,14/1/2021,0.04065,0.042044,0.039583,0.040774,0.040774,4939743
155,15/1/2021,0.040811,0.04583,0.040075,0.044012,0.044012,10476076
156,16/1/2021,0.044011,0.046641,0.042787,0.043908,0.043908,9332764
157,17/1/2021,0.043939,0.052655,0.042321,0.051067,0.051067,25398598
158,18/1/2021,0.051144,0.054469,0.049183,0.0521,0.0521,14156919
159,19/1/2021,0.052099,0.056984,0.049937,0.054178,0.054178,18747965
160,20/1/2021,0.054166,0.06048,0.048872,0.053627,0.053627,20442884
161,21/1/2021,0.053689,0.147631,0.050989,0.108125,0.108125,424777410
162,22/1/2021,0.108232,0.117998,0.094109,0.108816,0.108816,187029548
163,23/1/2021,0.109406,0.111211,0.09707,0.101897,0.101897,57718715
164,24/1/2021,0.101345,0.102204,0.092952,0.09479,0.09479,38803134
165,25/1/2021,0.095115,0.101558,0.090395,0.092883,0.092883,29079291
166,26/1/2021,0.092873,0.095424,0.087711,0.093046,0.093046,17840698
167,27/1/2021,0.09325,0.093475,0.076333,0.081609,0.081609,38112762
168,28/1/2021,0.081635,0.090233,0.078167,0.0885,0.0885,42899972
169,29/1/2021,0.091257,0.094066,0.082901,0.087839,0.087839,50599792
170,30/1/2021,0.087681,0.091022,0.085042,0.087374,0.087374,26203617
171,31/1/2021,0.087455,0.088424,0.081289,0.082657,0.082657,21891877
172,1/2/2021,0.082765,0.084727,0.077786,0.082507,0.082507,23641803
173,2/2/2021,0.082582,0.098597,0.0824,0.095356,0.095356,66802121
174,3/2/2021,0.095314,0.099687,0.092145,0.097712,0.097712,44160930
175,4/2/2021,0.097414,0.110505,0.090222,0.099797,0.099797,121182041
176,5/2/2021,0.099935,0.142921,0.098627,0.141218,0.141218,192354663
177,6/2/2021,0.140955,0.140955,0.119387,0.128929,0.128929,82336685
178,7/2/2021,0.128598,0.131759,0.110496,0.126764,0.126764,72170033
179,8/2/2021,0.12661,0.145832,0.122487,0.138302,0.138302,99619548
180,9/2/2021,0.139169,0.157812,0.136102,0.150129,0.150129,69208148
181,10/2/2021,0.149781,0.154633,0.134679,0.145873,0.145873,63522797
182,11/2/2021,0.145862,0.169469,0.142396,0.158618,0.158618,112181099
183,12/2/2021,0.158388,0.167096,0.153006,0.162479,0.162479,63012758
184,13/2/2021,0.16249,0.213621,0.162009,0.205011,0.205011,288830067
185,14/2/2021,0.204436,0.286024,0.194149,0.263592,0.263592,680733438
186,15/2/2021,0.263509,0.265956,0.207184,0.239121,0.239121,189931371
187,16/2/2021,0.239881,0.24553,0.218716,0.231569,0.231569,76988455
188,17/2/2021,0.231686,0.261727,0.208276,0.242348,0.242348,174081115
189,18/2/2021,0.241722,0.342429,0.235613,0.320639,0.320639,478342644
190,19/2/2021,0.322591,0.324129,0.277318,0.310206,0.310206,205176803
191,20/2/2021,0.310722,0.322787,0.279882,0.296705,0.296705,80687846
192,21/2/2021,0.296638,0.338227,0.290703,0.320869,0.320869,97433633
193,22/2/2021,0.321067,0.364493,0.237383,0.294749,0.294749,169312004
194,23/2/2021,0.294992,0.315817,0.180338,0.240909,0.240909,260326263
195,24/2/2021,0.23973,0.265616,0.218053,0.248751,0.248751,67736066
196,25/2/2021,0.248324,0.266396,0.2311,0.234386,0.234386,75563707
197,26/2/2021,0.235331,0.246505,0.220868,0.236124,0.236124,44020808
198,27/2/2021,0.2363,0.257079,0.235114,0.244336,0.244336,37690460
199,28/2/2021,0.244764,0.26045,0.201274,0.217867,0.217867,41280972
200,1/3/2021,0.218822,0.245678,0.217316,0.239214,0.239214,45640162
201,2/3/2021,0.239544,0.26429,0.23048,0.250755,0.250755,52593010
202,3/3/2021,0.25111,0.319547,0.247249,0.311985,0.311985,185731682
203,4/3/2021,0.310664,0.436309,0.295094,0.364264,0.364264,631611321
204,5/3/2021,0.364841,0.426519,0.337342,0.352217,0.352217,213232253
205,6/3/2021,0.351387,0.370898,0.319259,0.346676,0.346676,117142228
206,7/3/2021,0.346814,0.388459,0.341532,0.382382,0.382382,155982512
207,8/3/2021,0.382227,0.479087,0.381092,0.456894,0.456894,346084080
208,9/3/2021,0.45841,0.578875,0.45841,0.528256,0.528256,596743343
209,10/3/2021,0.527148,0.52741,0.455792,0.485719,0.485719,221001199
210,11/3/2021,0.485325,0.56387,0.477465,0.532851,0.532851,283703465
211,12/3/2021,0.533626,0.625919,0.524539,0.616923,0.616923,385725450
212,13/3/2021,0.617623,0.783699,0.557627,0.690116,0.690116,651531404
213,14/3/2021,0.688141,0.745139,0.652417,0.694451,0.694451,416986491
214,15/3/2021,0.690043,0.721832,0.618722,0.674704,0.674704,274768178
215,16/3/2021,0.673891,0.683068,0.579241,0.596672,0.596672,218485337
216,17/3/2021,0.597022,0.62569,0.50932,0.60904,0.60904,289467292
217,18/3/2021,0.607218,0.685209,0.573625,0.625977,0.625977,368497299
218,19/3/2021,0.62534,0.631156,0.598483,0.614704,0.614704,145579598
219,20/3/2021,0.615739,0.615739,0.54613,0.546508,0.546508,132542062
220,21/3/2021,0.545449,0.601658,0.533843,0.570859,0.570859,177096134
221,22/3/2021,0.570527,0.621162,0.530787,0.567479,0.567479,231892060
222,23/3/2021,0.566257,0.596983,0.520666,0.579719,0.579719,185162044
223,24/3/2021,0.578932,0.675872,0.560744,0.596688,0.596688,355528409
224,25/3/2021,0.59581,0.619807,0.560321,0.606524,0.606524,208850695
225,26/3/2021,0.606145,0.633667,0.585513,0.628899,0.628899,156066737
226,27/3/2021,0.630591,0.747211,0.616441,0.733565,0.733565,388171666
227,28/3/2021,0.732082,0.93274,0.696937,0.834792,0.834792,725574458
228,29/3/2021,0.836655,0.892868,0.784462,0.811072,0.811072,345323406
229,30/3/2021,0.810071,0.874819,0.797555,0.84906,0.84906,272671106
230,31/3/2021,0.852272,0.871681,0.76922,0.829252,0.829252,284096566
231,1/4/2021,0.830542,0.833407,0.772441,0.782621,0.782621,190222775
232,2/4/2021,0.782948,0.826094,0.747272,0.812759,0.812759,222293402
233,3/4/2021,0.813006,0.813006,0.714267,0.714343,0.714343,157103907
234,4/4/2021,0.714241,0.777364,0.705431,0.756975,0.756975,138391412
235,5/4/2021,0.756528,0.759888,0.673053,0.676128,0.676128,158123289
236,6/4/2021,0.675126,0.682889,0.605666,0.640521,0.640521,157835523
237,7/4/2021,0.639451,0.651538,0.53195,0.633145,0.633145,167058218
238,8/4/2021,0.634798,0.694423,0.607082,0.685046,0.685046,158227239
239,9/4/2021,0.685142,0.749591,0.662426,0.698801,0.698801,182427961
240,10/4/2021,0.699403,0.699897,0.638371,0.664727,0.664727,99632706
241,11/4/2021,0.66432,0.673179,0.618286,0.643333,0.643333,88367701
242,12/4/2021,0.643256,0.705694,0.632308,0.685509,0.685509,114818249
243,13/4/2021,0.687354,0.704884,0.646612,0.668292,0.668292,87952660
244,14/4/2021,0.668904,0.670887,0.615614,0.64667,0.64667,67665888
245,15/4/2021,0.646381,0.70088,0.643822,0.683905,0.683905,73808737
246,16/4/2021,0.682939,0.710757,0.631158,0.705685,0.705685,122709824
247,17/4/2021,0.705458,0.708748,0.650122,0.667701,0.667701,89710362
248,18/4/2021,0.668416,0.675961,0.475452,0.560647,0.560647,114149263
249,19/4/2021,0.562069,0.578269,0.505291,0.51482,0.51482,61539578
250,20/4/2021,0.514027,0.531588,0.448961,0.52162,0.52162,89314990
251,21/4/2021,0.523006,0.572203,0.504652,0.51265,0.51265,82611667
252,22/4/2021,0.510551,0.527673,0.437564,0.438565,0.438565,77378242
253,23/4/2021,0.437991,0.4489,0.336688,0.426597,0.426597,104573779
254,24/4/2021,0.427005,0.435887,0.392468,0.409867,0.409867,59500930
255,25/4/2021,0.410704,0.453479,0.392236,0.416083,0.416083,51059955
256,26/4/2021,0.417879,0.500722,0.414188,0.499597,0.499597,67262257
257,27/4/2021,0.500279,0.543196,0.486695,0.540338,0.540338,52790634
258,28/4/2021,0.540569,0.612895,0.51481,0.586783,0.586783,160224947
259,29/4/2021,0.589092,0.611016,0.540986,0.565416,0.565416,82507013
260,30/4/2021,0.566012,0.630697,0.550778,0.621095,0.621095,99524809
261,1/5/2021,0.6203,0.629146,0.593155,0.60322,0.60322,50988710
262,2/5/2021,0.602806,0.605143,0.561919,0.583017,0.583017,47641104
263,3/5/2021,0.581581,0.677456,0.580466,0.657213,0.657213,144641774
264,4/5/2021,0.657286,0.72114,0.573006,0.576634,0.576634,286297424
265,5/5/2021,0.573153,0.619487,0.566873,0.603701,0.603701,96980785
266,6/5/2021,0.604989,0.605513,0.542181,0.56105,0.56105,75875023
267,7/5/2021,0.562212,0.580097,0.522148,0.546202,0.546202,68328206
268,8/5/2021,0.547115,0.568574,0.534923,0.54064,0.54064,47115745
269,9/5/2021,0.543182,0.548031,0.50335,0.540652,0.540652,48112441
270,10/5/2021,0.543142,0.548576,0.43467,0.462137,0.462137,58089265
271,11/5/2021,0.461863,0.509833,0.450125,0.503672,0.503672,58017878
272,12/5/2021,0.502984,0.53222,0.403451,0.403451,0.403451,54946606
273,13/5/2021,0.411964,0.449981,0.389242,0.423087,0.423087,79450062
274,14/5/2021,0.423196,0.459353,0.411373,0.440028,0.440028,51712597
275,15/5/2021,0.440175,0.510297,0.4304,0.432015,0.432015,118034359
276,16/5/2021,0.432592,0.466907,0.390473,0.416102,0.416102,68219693
277,17/5/2021,0.41599,0.416199,0.358212,0.375547,0.375547,66130232
278,18/5/2021,0.37524,0.418886,0.371523,0.392683,0.392683,52062980
279,19/5/2021,0.392614,0.401849,0.182939,0.248068,0.248068,87060306
280,20/5/2021,0.24722,0.315578,0.214593,0.312799,0.312799,70672916
281,21/5/2021,0.311301,0.353413,0.239758,0.293819,0.293819,81939341
282,22/5/2021,0.293401,0.479682,0.274707,0.433342,0.433342,398314380
283,23/5/2021,0.441875,0.464084,0.237078,0.29115,0.29115,205068193
284,24/5/2021,0.294473,0.320053,0.258194,0.311687,0.311687,104862403
285,25/5/2021,0.311798,0.320012,0.263078,0.293442,0.293442,59644091
286,26/5/2021,0.292938,0.387455,0.28367,0.371409,0.371409,100508302
287,27/5/2021,0.372073,0.374762,0.327347,0.33488,0.33488,64144521
288,28/5/2021,0.337054,0.377713,0.30463,0.339027,0.339027,109838745
289,29/5/2021,0.338063,0.338063,0.284339,0.305906,0.305906,51276859
290,30/5/2021,0.30549,0.333099,0.281862,0.315883,0.315883,39733787
291,31/5/2021,0.315782,0.334746,0.294353,0.33463,0.33463,37614427
292,1/6/2021,0.334173,0.334409,0.311007,0.323133,0.323133,30042106
293,2/6/2021,0.323524,0.337711,0.312504,0.33222,0.33222,33858547
294,3/6/2021,0.331868,0.369193,0.321955,0.362943,0.362943,45913635
295,4/6/2021,0.363171,0.367401,0.306451,0.333294,0.333294,44142780
296,5/6/2021,0.333836,0.345569,0.310365,0.318007,0.318007,27957343
297,6/6/2021,0.317801,0.330732,0.316129,0.325221,0.325221,22590331
298,7/6/2021,0.325202,0.33142,0.292206,0.294607,0.294607,23892523
299,8/6/2021,0.29496,0.299911,0.251212,0.282337,0.282337,34805765
300,9/6/2021,0.281625,0.291241,0.262999,0.291241,0.291241,30821606
301,10/6/2021,0.29169,0.304265,0.277802,0.301662,0.301662,34303896
302,11/6/2021,0.299879,0.342084,0.283632,0.305017,0.305017,78609778
303,12/6/2021,0.30846,0.30846,0.255767,0.262565,0.262565,44057358
304,13/6/2021,0.262832,0.277508,0.253982,0.277125,0.277125,24562535
305,14/6/2021,0.276657,0.287271,0.268428,0.278811,0.278811,23321280
306,15/6/2021,0.280811,0.288243,0.273037,0.281769,0.281769,26470560
307,16/6/2021,0.286556,0.300108,0.267431,0.271033,0.271033,39856915
308,17/6/2021,0.26993,0.283912,0.265793,0.271641,0.271641,21903774
309,18/6/2021,0.271796,0.272866,0.243079,0.256947,0.256947,19980071
310,19/6/2021,0.257239,0.258112,0.245705,0.246762,0.246762,16074870
311,20/6/2021,0.246123,0.249051,0.220954,0.238649,0.238649,21939388
312,21/6/2021,0.238252,0.239482,0.178368,0.179448,0.179448,31001875
313,22/6/2021,0.179325,0.192664,0.147098,0.173803,0.173803,38387730
314,23/6/2021,0.173665,0.206967,0.167116,0.189855,0.189855,38239739
315,24/6/2021,0.192676,0.211131,0.18043,0.203364,0.203364,26352717
316,25/6/2021,0.203134,0.210764,0.181435,0.183946,0.183946,27971339
317,26/6/2021,0.183423,0.189063,0.170821,0.184071,0.184071,15906258
318,27/6/2021,0.184426,0.190333,0.176513,0.189946,0.189946,15541270
319,28/6/2021,0.190143,0.2046,0.188219,0.203943,0.203943,23853020
320,29/6/2021,0.204121,0.229254,0.202804,0.225419,0.225419,31501597
321,30/6/2021,0.227237,0.245681,0.212515,0.245258,0.245258,47710427
322,1/7/2021,0.24494,0.269859,0.239672,0.252528,0.252528,72563234
323,2/7/2021,0.252061,0.252907,0.221715,0.243665,0.243665,38514350
324,3/7/2021,0.243994,0.274496,0.234911,0.264626,0.264626,42853127
325,4/7/2021,0.264611,0.300552,0.255291,0.276339,0.276339,64891548
326,5/7/2021,0.276169,0.286371,0.258131,0.266722,0.266722,44150772
327,6/7/2021,0.266798,0.338596,0.266537,0.310031,0.310031,213306199
328,7/7/2021,0.309789,0.443526,0.308664,0.397408,0.397408,633645287
329,8/7/2021,0.401629,0.535238,0.386059,0.431393,0.431393,997484129
330,9/7/2021,0.427198,0.512171,0.371534,0.491758,0.491758,662940293
331,10/7/2021,0.495276,0.54221,0.462951,0.490155,0.490155,570706459
332,11/7/2021,0.492908,0.505383,0.455412,0.488744,0.488744,245036807
333,12/7/2021,0.489223,0.489223,0.417917,0.418723,0.418723,162830704
334,13/7/2021,0.41828,0.468312,0.409809,0.435506,0.435506,276063029
335,14/7/2021,0.434704,0.61804,0.383799,0.595623,0.595623,856156113
336,15/7/2021,0.593634,0.690682,0.51648,0.545404,0.545404,1141972818
337,16/7/2021,0.543333,0.605729,0.4795,0.489117,0.489117,512447212
338,17/7/2021,0.489663,0.489663,0.424305,0.448041,0.448041,269037228
339,18/7/2021,0.448701,0.520867,0.447326,0.483973,0.483973,414215647
340,19/7/2021,0.484736,0.484919,0.418608,0.439529,0.439529,198931034
341,20/7/2021,0.440456,0.440657,0.364971,0.38618,0.38618,189601054
342,21/7/2021,0.385456,0.483534,0.376004,0.469595,0.469595,401951819
343,22/7/2021,0.473378,0.516285,0.469162,0.501101,0.501101,390223260
344,23/7/2021,0.499811,0.687607,0.499371,0.653494,0.653494,1079949483
345,24/7/2021,0.65828,0.844155,0.63237,0.73256,0.73256,1449325982
346,25/7/2021,0.730259,0.780685,0.673085,0.753241,0.753241,753778396
347,26/7/2021,0.754889,0.765232,0.597762,0.659873,0.659873,603487664
348,27/7/2021,0.656826,0.754857,0.577994,0.676553,0.676553,924903204
349,28/7/2021,0.678324,0.753579,0.655655,0.67958,0.67958,578443495
350,29/7/2021,0.680051,0.696345,0.642973,0.662678,0.662678,251799687
351,30/7/2021,0.664198,0.671092,0.620283,0.656276,0.656276,226903592
352,31/7/2021,0.656373,0.673892,0.629032,0.639603,0.639603,176578301
353,1/8/2021,0.639267,0.641814,0.579973,0.590278,0.590278,159983141
354,2/8/2021,0.588905,0.650356,0.588319,0.613217,0.613217,254280895
355,3/8/2021,0.612827,0.612827,0.578018,0.588939,0.588939,161142479
356,4/8/2021,0.591318,0.662556,0.582478,0.649377,0.649377,310811497
357,5/8/2021,0.651004,0.659208,0.603225,0.637435,0.637435,202610486
358,6/8/2021,0.637269,0.645573,0.617781,0.635842,0.635842,192663407
359,7/8/2021,0.636448,0.655441,0.615365,0.637925,0.637925,222553554
360,8/8/2021,0.639784,0.668522,0.603704,0.614391,0.614391,228565751
361,9/8/2021,0.616148,0.632484,0.600423,0.627201,0.627201,170464662
362,10/8/2021,0.626806,0.705585,0.616038,0.679146,0.679146,546473024
363,11/8/2021,0.679833,0.738401,0.661163,0.675451,0.675451,419068744
364,12/8/2021,0.675794,0.679408,0.622011,0.636038,0.636038,258671310
365,13/8/2021,0.636063,0.664563,0.631077,0.662091,0.662091,170822351
366,14/8/2021,0.663317,0.663317,0.625821,0.636341,0.636341,171727638
367,15/8/2021,0.636919,0.667212,0.6113,0.646097,0.646097,258320974
368,16/8/2021,0.645769,0.693317,0.620824,0.637412,0.637412,317784539
369,17/8/2021,0.633905,0.685756,0.5896,0.6098,0.6098,321907505
370,18/8/2021,0.609379,0.616112,0.556494,0.582596,0.582596,192635158
371,19/8/2021,0.582648,0.599188,0.558044,0.599188,0.599188,178526646
372,20/8/2021,0.598784,0.618932,0.58699,0.613098,0.613098,171309952
373,21/8/2021,0.613877,0.712308,0.609789,0.661026,0.661026,549760069
374,22/8/2021,0.661167,0.708359,0.627758,0.658074,0.658074,276560772
375,23/8/2021,0.657539,0.693191,0.651515,0.677034,0.677034,329516400
376,24/8/2021,0.677719,0.683914,0.596751,0.613953,0.613953,239188993
377,25/8/2021,0.61521,0.749226,0.591381,0.739802,0.739802,632096345
378,26/8/2021,0.738153,0.864429,0.675861,0.679936,0.679936,1191950856
379,27/8/2021,0.679226,0.717895,0.644179,0.707479,0.707479,468558545
380,28/8/2021,0.710453,0.811895,0.694369,0.76056,0.76056,802301114
381,29/8/2021,0.760845,1.038577,0.741516,0.998792,0.998792,2115750305
382,30/8/2021,1.003523,1.196905,0.963007,0.973357,0.973357,1562399154
383,31/8/2021,0.972151,0.997484,0.899445,0.955034,0.955034,635236994
384,1/9/2021,0.945908,1.129741,0.934139,1.005095,1.005095,1017621790
385,2/9/2021,1.008758,1.059309,0.975397,1.005766,1.005766,488494744
386,3/9/2021,1.006322,1.016954,0.957221,1.003948,1.003948,398504075
387,4/9/2021,1.002513,1.092974,0.976384,0.994609,0.994609,652599960
388,5/9/2021,0.994857,1.013111,0.950218,0.977494,0.977494,344670059
389,6/9/2021,0.976691,1.000026,0.911777,0.958925,0.958925,303584291
390,7/9/2021,0.960085,0.969562,0.631574,0.749567,0.749567,599019430
391,8/9/2021,0.751054,0.839409,0.690299,0.793254,0.793254,633949900
392,9/9/2021,0.813863,0.882669,0.771779,0.873902,0.873902,421668997
393,10/9/2021,0.873472,0.877764,0.760775,0.782374,0.782374,282113490
394,11/9/2021,0.783464,0.819697,0.766752,0.803109,0.803109,163515062
395,12/9/2021,0.803953,0.849495,0.779954,0.812823,0.812823,229304578
396,13/9/2021,0.813829,0.814908,0.713942,0.747313,0.747313,174787251
397,14/9/2021,0.747186,0.796119,0.742822,0.792863,0.792863,163869638
398,15/9/2021,0.791837,0.8183,0.767509,0.8099,0.8099,136951315
399,16/9/2021,0.808229,0.83922,0.778311,0.819671,0.819671,180693071
400,17/9/2021,0.820942,0.826675,0.760967,0.770598,0.770598,137231433
401,18/9/2021,0.77102,0.784922,0.760273,0.780312,0.780312,93585009
402,19/9/2021,0.779062,0.779062,0.737335,0.744354,0.744354,90024356
403,20/9/2021,0.743706,0.74486,0.616494,0.631789,0.631789,172558007
404,21/9/2021,0.635821,0.694544,0.583317,0.600672,0.600672,193035516
405,22/9/2021,0.598832,0.704366,0.583595,0.696672,0.696672,217056962
406,23/9/2021,0.696359,0.748138,0.689644,0.735123,0.735123,272612392
407,24/9/2021,0.735103,0.748924,0.627048,0.680993,0.680993,187881765
408,25/9/2021,0.680286,0.69826,0.651218,0.667552,0.667552,104051732
409,26/9/2021,0.668397,0.687621,0.622482,0.656224,0.656224,153346762
410,27/9/2021,0.657208,0.678448,0.632318,0.633178,0.633178,97009983
411,28/9/2021,0.63193,0.637443,0.593412,0.595314,0.595314,104878410
412,29/9/2021,0.59545,0.632808,0.586352,0.604434,0.604434,105305148
413,30/9/2021,0.603443,0.672008,0.6016,0.671817,0.671817,146438079
414,1/10/2021,0.671526,0.823121,0.659218,0.810903,0.810903,360338724
415,2/10/2021,0.810408,0.836806,0.772186,0.788911,0.788911,254109724
416,3/10/2021,0.788289,0.87243,0.759118,0.870468,0.870468,255116223
417,4/10/2021,0.869239,0.873641,0.793415,0.821977,0.821977,350915167
418,5/10/2021,0.82467,0.82487,0.769081,0.805117,0.805117,170747145
419,6/10/2021,0.806052,0.839996,0.74421,0.820336,0.820336,229502479
420,7/10/2021,0.818038,0.818038,0.77446,0.801398,0.801398,126728588
421,8/10/2021,0.801504,0.820742,0.772831,0.781952,0.781952,159208097
422,9/10/2021,0.781566,0.809612,0.772681,0.800502,0.800502,110715298
423,10/10/2021,0.800104,0.800104,0.745886,0.750719,0.750719,91401116
424,11/10/2021,0.749806,0.772247,0.724044,0.743618,0.743618,93580850
425,12/10/2021,0.743061,0.743061,0.685157,0.722848,0.722848,98753784
426,13/10/2021,0.723482,0.74606,0.707385,0.745919,0.745919,91899680
427,14/10/2021,0.744468,0.796128,0.734109,0.783437,0.783437,125451418
428,15/10/2021,0.78362,0.79141,0.725239,0.741249,0.741249,133455165
429,16/10/2021,0.74157,0.753907,0.733,0.749803,0.749803,70934313
430,17/10/2021,0.750053,0.762245,0.707463,0.723685,0.723685,73625546
431,18/10/2021,0.723485,0.768798,0.719459,0.735911,0.735911,109778131
432,19/10/2021,0.736216,0.742579,0.724369,0.732813,0.732813,56302372
433,20/10/2021,0.732765,0.786553,0.727246,0.775822,0.775822,94689189
434,21/10/2021,0.776829,0.80155,0.751579,0.756518,0.756518,109427838
435,22/10/2021,0.756126,0.780287,0.742739,0.757469,0.757469,67066084
436,23/10/2021,0.756998,0.765576,0.742199,0.765355,0.765355,50353346
437,24/10/2021,0.765345,0.792891,0.75855,0.792891,0.792891,99756022
438,25/10/2021,0.795396,0.820643,0.770697,0.807447,0.807447,121996898
439,26/10/2021,0.807221,0.870741,0.80081,0.830975,0.830975,154672871
440,27/10/2021,0.830838,0.88703,0.719324,0.766456,0.766456,230601040
441,28/10/2021,0.766738,0.949081,0.752435,0.938408,0.938408,416236090
442,29/10/2021,0.942908,1.18555,0.917123,1.153548,1.153548,1192257023
443,30/10/2021,1.166117,2.351111,1.061138,1.820243,1.820243,5037899392
444,31/10/2021,1.804491,2.409972,1.453462,1.590742,1.590742,3768025710
445,1/11/2021,1.573105,2.327831,1.538572,2.110558,2.110558,4634922055
446,2/11/2021,2.124282,3.270957,2.091757,3.066088,3.066088,8971283483
447,3/11/2021,3.039766,3.446879,2.706652,3.216488,3.216488,5511176935
448,4/11/2021,3.204201,3.23367,2.611837,2.692392,2.692392,2264980409
449,5/11/2021,2.693062,2.794893,2.451654,2.567213,2.567213,1278698313
450,6/11/2021,2.558723,2.856021,2.53821,2.702664,2.702664,1373637974
451,7/11/2021,2.705307,2.740196,2.605729,2.682514,2.682514,485635590
452,8/11/2021,2.689164,2.707139,2.482068,2.571552,2.571552,827078165
453,9/11/2021,2.573186,2.573186,2.369221,2.378725,2.378725,678592058
454,10/11/2021,2.382765,2.628112,2.048232,2.293452,2.293452,1193352934
455,11/11/2021,2.298869,2.554885,2.254111,2.434138,2.434138,577342879
456,12/11/2021,2.427015,2.831463,2.390614,2.62087,2.62087,1740234490
457,13/11/2021,2.630083,3.196088,2.582133,2.801235,2.801235,2662765125
458,14/11/2021,2.803907,2.973253,2.746436,2.835522,2.835522,970144608
459,15/11/2021,2.841144,2.998992,2.721601,2.795779,2.795779,818744818
460,16/11/2021,2.801842,3.397959,2.318066,3.229929,3.229929,3170375086
461,17/11/2021,3.248199,3.809465,3.126185,3.734991,3.734991,3933977180
462,18/11/2021,3.760448,4.680581,3.592047,4.311286,4.311286,5550774283
463,19/11/2021,4.319452,4.500719,3.970056,4.424245,4.424245,2956587496
464,20/11/2021,4.420241,4.439838,4.034398,4.209674,4.209674,1596136120
465,21/11/2021,4.215115,4.452398,3.858563,4.029042,4.029042,1527980685
466,22/11/2021,4.010326,4.971064,3.761105,4.955757,4.955757,3130548623
467,23/11/2021,4.969749,5.679301,4.87899,5.364032,5.364032,4615278288
468,24/11/2021,5.356531,7.999647,5.26336,6.334434,6.334434,5425767404
469,25/11/2021,7.462589,8.442061,6.697662,8.40219,8.40219,11077988546
470,26/11/2021,7.173488,7.772682,6.38406,6.91969,6.91969,5692742260
471,27/11/2021,6.988919,7.103677,6.222426,6.556377,6.556377,3146113846
472,28/11/2021,6.55876,7.594072,5.801415,7.490646,7.490646,6242370702
473,29/11/2021,7.530078,7.940892,6.946584,6.972231,6.972231,4545318881
474,30/11/2021,6.999716,7.187526,6.662301,6.772508,6.772508,2883215549
475,1/12/2021,6.794251,7.033368,6.335949,6.578102,6.578102,2104455950
476,2/12/2021,6.58317,6.854817,6.024348,6.711356,6.711356,2624486759
477,3/12/2021,6.696388,6.960731,5.730218,6.03469,6.03469,2253228786
478,4/12/2021,6.042684,6.194966,4.186251,6.062291,6.062291,4922178604
479,5/12/2021,6.084935,6.150963,5.226349,5.429076,5.429076,1996358755
480,6/12/2021,5.41875,5.696818,4.778725,5.509096,5.509096,2471720119
481,7/12/2021,5.512427,5.730237,5.245475,5.328447,5.328447,1482649371
482,8/12/2021,5.321417,5.496092,5.052431,5.353294,5.353294,1186341640
483,9/12/2021,5.341472,5.686894,5.111841,5.2163,5.2163,1956454763
484,10/12/2021,5.207119,5.361716,4.825229,4.85979,4.85979,1293183490
485,11/12/2021,4.862084,5.13361,4.751084,5.062723,5.062723,854751295
486,12/12/2021,5.057753,5.511181,5.04397,5.475866,5.475866,1442375174
487,13/12/2021,5.467763,5.616265,4.698908,4.796265,4.796265,1292574037
488,14/12/2021,4.797827,4.907542,4.57392,4.778493,4.778493,1081580646
489,15/12/2021,4.784799,5.199079,4.444076,5.146542,5.146542,1422255804
490,16/12/2021,5.144791,5.359033,4.912486,4.95112,4.95112,1084314052
491,17/12/2021,4.950902,5.07784,4.708858,4.917233,4.917233,961959358
492,18/12/2021,4.922463,5.278421,4.837094,5.162435,5.162435,926376212
493,19/12/2021,5.15776,5.278757,4.988248,5.018203,5.018203,754247978
494,20/12/2021,5.016416,5.07216,4.731078,4.95996,4.95996,753877037
495,21/12/2021,4.960519,5.204287,4.887052,5.159075,5.159075,743616398
496,22/12/2021,5.153821,5.268015,5.074445,5.115982,5.115982,731525281
497,23/12/2021,5.114666,6.349751,5.046789,6.287727,6.287727,2089217372
498,24/12/2021,6.320366,6.45171,5.765039,5.848355,5.848355,1873567934
499,25/12/2021,5.86308,6.795382,5.804245,6.706561,6.706561,2160894753
500,26/12/2021,6.699141,6.961204,6.563268,6.728835,6.728835,1899187347
501,27/12/2021,6.724726,6.774551,6.360992,6.415638,6.415638,1152552266
502,28/12/2021,6.42738,6.42738,5.76753,5.864491,5.864491,1770738536
503,29/12/2021,5.862894,6.145204,5.715103,5.794551,5.794551,1601130773
504,30/12/2021,5.809148,6.023869,5.601072,5.906756,5.906756,1159773547
505,31/12/2021,5.909993,6.164261,5.756521,5.84771,5.84771,1184003746
506,1/1/2022,5.849345,6.012452,5.848014,5.972598,5.972598,653281372
507,2/1/2022,5.9715,5.985924,5.83916,5.930911,5.930911,695851907
508,3/1/2022,5.929891,5.970115,5.59624,5.687358,5.687358,797054667
509,4/1/2022,5.692393,5.707666,5.451625,5.475225,5.475225,905606692
510,5/1/2022,5.474998,5.639776,4.765759,5.018268,5.018268,1241515702
511,6/1/2022,5.016873,5.383817,4.728087,5.236129,5.236129,1538836091
512,7/1/2022,5.23352,5.246468,4.765265,4.848104,4.848104,1133445969
513,8/1/2022,4.848123,5.014672,4.494335,4.624785,4.624785,747333666
514,9/1/2022,4.624165,4.893976,4.589156,4.724208,4.724208,716912699
515,10/1/2022,4.723619,4.765519,4.25373,4.455549,4.455549,981222474
516,11/1/2022,4.455702,4.757916,4.376806,4.730758,4.730758,877910170
517,12/1/2022,4.7307,5.204103,4.726345,5.13747,5.13747,1130820610
518,13/1/2022,5.136864,5.202922,4.819707,4.830903,4.830903,986620976
519,14/1/2022,4.834111,4.964997,4.689872,4.901487,4.901487,834651727
520,15/1/2022,4.901805,4.915057,4.795471,4.851988,4.851988,481784072
521,16/1/2022,4.851324,5.048541,4.759284,4.903237,4.903237,630602020
522,17/1/2022,4.904497,4.94249,4.535473,4.604522,4.604522,628001366
523,18/1/2022,4.605341,4.638666,4.387097,4.469878,4.469878,588967252
524,19/1/2022,4.469798,4.47715,4.145449,4.229095,4.229095,584728862
525,20/1/2022,4.230287,4.446252,3.932365,3.932736,3.932736,403692669
526,21/1/2022,3.934619,4.001243,3.251505,3.336782,3.336782,1083927254
527,22/1/2022,3.337998,3.393963,2.634691,2.98263,2.98263,1459166837
528,23/1/2022,2.990009,3.241178,2.93963,3.123935,3.123935,839959738
529,24/1/2022,3.124873,3.124873,2.640047,2.997718,2.997718,992117612
530,25/1/2022,2.997493,3.09489,2.887586,3.042768,3.042768,659155339
531,26/1/2022,3.040873,3.393036,2.981549,3.083561,3.083561,1074877825
532,27/1/2022,3.082613,3.536719,2.982353,3.381363,3.381363,1291555756
533,28/1/2022,3.380008,3.551196,3.26656,3.489832,3.489832,1049328194
534,29/1/2022,3.489209,3.895616,3.47692,3.871705,3.871705,1152568086
535,30/1/2022,3.875798,4.065347,3.699726,3.870777,3.870777,1141772001
536,31/1/2022,3.870251,4.15169,3.66608,4.101748,4.101748,1280521564
537,1/2/2022,4.09939,4.104691,3.887177,3.976832,3.976832,784787749
538,2/2/2022,3.977459,4.013171,3.659389,3.668484,3.668484,711442550
539,3/2/2022,3.667226,3.693947,3.513965,3.661998,3.661998,705220623
540,4/2/2022,3.662501,4.00843,3.634007,4.005184,4.005184,796433025
541,5/2/2022,4.005102,4.491765,3.978974,4.350384,4.350384,1449787935
542,6/2/2022,4.350194,4.674247,4.350194,4.644731,4.644731,1337889124
543,7/2/2022,4.644042,4.84739,4.550729,4.670136,4.670136,1131319924
544,8/2/2022,4.671556,4.810737,4.331057,4.810431,4.810431,1337622070
545,9/2/2022,4.804446,4.849152,4.543506,4.702563,4.702563,958885046
546,10/2/2022,4.702431,4.755016,4.381706,4.401285,4.401285,1341500704
547,11/2/2022,4.402364,4.541207,4.070875,4.197398,4.197398,993090008
548,12/2/2022,4.197741,4.382221,4.125284,4.214873,4.214873,1055032451
549,13/2/2022,4.213539,4.320019,3.981652,4.080985,4.080985,660377167
550,14/2/2022,4.079217,4.086561,3.883788,4.028764,4.028764,899889877
551,15/2/2022,4.028453,4.40715,4.00337,4.39821,4.39821,1082408812
552,16/2/2022,4.401226,4.447624,4.073353,4.177814,4.177814,1073956898
553,17/2/2022,4.176773,4.244914,3.719011,3.735865,3.735865,1082511456
554,18/2/2022,3.736665,3.835191,3.570774,3.607848,3.607848,846822905
555,19/2/2022,3.607271,3.644862,3.420323,3.502239,3.502239,649526643
556,20/2/2022,3.502768,3.502768,3.1623,3.202909,3.202909,818577301
557,21/2/2022,3.202222,3.412689,2.894423,2.900877,2.900877,1278382708
558,22/2/2022,2.901742,3.17501,2.832193,3.156964,3.156964,1177995566
559,23/2/2022,3.158376,3.287304,2.994068,2.998249,2.998249,1079627672
560,24/2/2022,2.996292,3.085626,2.644668,3.027653,3.027653,1640269852
561,25/2/2022,3.028084,3.193161,2.913899,3.163612,3.163612,1159278764
562,26/2/2022,3.163691,3.263079,3.066994,3.093277,3.093277,773793398
563,27/2/2022,3.092453,3.134452,2.867595,2.901329,2.901329,944722155
564,28/2/2022,2.900266,3.212251,2.840671,3.205505,3.205505,1035636036
565,1/3/2022,3.206233,3.376087,3.117457,3.363166,3.363166,1447925272
566,2/3/2022,3.363512,3.423567,3.231883,3.276458,3.276458,1174843001
567,3/3/2022,3.276706,3.290568,3.065951,3.141757,3.141757,896561583
568,4/3/2022,3.142888,3.145974,2.877361,2.910282,2.910282,797910881
569,5/3/2022,2.91164,3.039785,2.873925,3.010309,3.010309,513206405
570,6/3/2022,3.010427,3.052236,2.844313,2.850269,2.850269,496348152
571,7/3/2022,2.84992,2.937714,2.719875,2.784293,2.784293,652134017
572,8/3/2022,2.783948,2.891903,2.77,2.820333,2.820333,536154988
573,9/3/2022,2.822126,3.007501,2.822126,2.964193,2.964193,593776615
574,10/3/2022,2.963737,2.979113,2.779842,2.83199,2.83199,519853962
575,11/3/2022,2.831839,2.858271,2.755764,2.779002,2.779002,438481288
576,12/3/2022,2.779266,2.826384,2.777056,2.784561,2.784561,296459764
577,13/3/2022,2.784008,2.935824,2.697637,2.721097,2.721097,519529323
578,14/3/2022,2.720659,2.776251,2.680212,2.750709,2.750709,430080456
579,15/3/2022,2.75036,2.766391,2.676762,2.738125,2.738125,370608350
580,16/3/2022,2.738185,3.241466,2.695222,3.241466,3.241466,1541483554
581,17/3/2022,3.244864,3.340695,3.145489,3.210599,3.210599,1278028798
582,18/3/2022,3.209656,3.232892,3.029601,3.218697,3.218697,856550249
583,19/3/2022,3.218454,3.291513,3.130935,3.231271,3.231271,812700496
584,20/3/2022,3.231634,3.236237,3.054877,3.086365,3.086365,535134195
585,21/3/2022,3.086059,3.127891,3.009321,3.082495,3.082495,596602161
586,22/3/2022,3.081769,3.192325,3.058894,3.11837,3.11837,611145370
587,23/3/2022,3.118927,3.324652,3.078244,3.309712,3.309712,914453208
588,24/3/2022,3.308787,3.507721,3.302756,3.461001,3.461001,1307126849
589,25/3/2022,3.46104,3.582808,3.347503,3.368116,3.368116,790943296
590,26/3/2022,3.368465,3.409317,3.326368,3.393605,3.393605,373132619
591,27/3/2022,3.393994,3.583017,3.323209,3.573352,3.573352,577270853
592,28/3/2022,3.573631,3.678134,3.457265,3.462569,3.462569,790381714
593,29/3/2022,3.460567,3.641077,3.429288,3.50943,3.50943,723130271
594,30/3/2022,3.508957,3.595353,3.38549,3.526212,3.526212,725831261
595,31/3/2022,3.52446,3.828898,3.347934,3.380974,3.380974,1172193140
596,1/4/2022,3.383551,3.550036,3.250275,3.513291,3.513291,797149569
597,2/4/2022,3.513312,3.667079,3.441538,3.450265,3.450265,868181843
598,3/4/2022,3.449578,3.592499,3.394079,3.534956,3.534956,574865306
599,4/4/2022,3.535406,3.554923,3.323726,3.46936,3.46936,646440116
600,5/4/2022,3.469494,3.489906,3.329251,3.33156,3.33156,489454208
601,6/4/2022,3.331084,3.333375,2.963071,2.963071,2.963071,788967896
602,7/4/2022,2.964998,3.096631,2.910801,3.083128,3.083128,404963000
603,8/4/2022,3.082892,3.115802,2.877586,2.900749,2.900749,353967498
604,9/4/2022,2.900977,3.005774,2.900977,3.005774,3.005774,265526910
605,10/4/2022,3.005838,3.025402,2.892795,2.892795,2.892795,260144101
606,11/4/2022,2.892803,2.906842,2.658015,2.669749,2.669749,519687833
607,12/4/2022,2.670835,2.823743,2.670835,2.782421,2.782421,399925278
608,13/4/2022,2.781983,2.886945,2.751847,2.869923,2.869923,321784424
609,14/4/2022,2.869366,2.916186,2.714203,2.780882,2.780882,349909147
610,15/4/2022,2.78106,2.820187,2.755915,2.803639,2.803639,189256519
611,16/4/2022,2.803614,2.90128,2.777383,2.82268,2.82268,234480315
612,17/4/2022,2.820111,2.820111,2.781153,2.790278,2.790278,176793328
